{
  "intrinsic_matrix": [
    [
      1801.7763501532784,
      0.0,
      965.6214733684353
    ],
    [
      0.0,
      1782.1130296918764,
      577.3188884082002
    ],
    [
      0.0,
      0.0,
      1.0
    ]
  ],
  "distortion_coefficients": [
    [
      0.3764543164927487,
      -3.1234922346157035,
      -0.0005967071267230404,
      -0.004416404144715746,
      7.5934878310203775
    ]
  ],
  "matrix": [
    [
      1750.7368422603981,
      0.0,
      973.718300633376
    ],
    [
      0.0,
      1766.0365825543374,
      577.4296572689605
    ],
    [
      0.0,
      0.0,
      1.0
    ]
  ],
  "rvecs": [
    [
      [
        -0.0920156588179024
      ],
      [
        0.23826055914732816
      ],
      [
        3.0548812397679788
      ]
    ],
    [
      [
        -0.09966677701145457
      ],
      [
        0.6321683577865773
      ],
      [
        3.037247567405772
      ]
    ],
    [
      [
        -0.07976793025566421
      ],
      [
        0.2792814301910387
      ],
      [
        3.0750974220664453
      ]
    ],
    [
      [
        -0.06019525937650525
      ],
      [
        0.6006846922088582
      ],
      [
        3.0713666178383723
      ]
    ],
    [
      [
        -0.08986346651130497
      ],
      [
        0.24093224698366772
      ],
      [
        3.059241128118486
      ]
    ],
    [
      [
        -0.6055919152700967
      ],
      [
        0.2915653458780728
      ],
      [
        2.986136175466731
      ]
    ],
    [
      [
        -0.49192268056333305
      ],
      [
        0.2627798569626676
      ],
      [
        3.017179089154373
      ]
    ],
    [
      [
        -0.39944921150750784
      ],
      [
        0.2651802064481625
      ],
      [
        3.041582532053
      ]
    ],
    [
      [
        -0.07774635480527714
      ],
      [
        0.5014174291832337
      ],
      [
        3.0624818505242004
      ]
    ],
    [
      [
        -0.4802743280445704
      ],
      [
        -0.29245890000290703
      ],
      [
        -2.9231569103812896
      ]
    ],
    [
      [
        -0.41588082260139875
      ],
      [
        0.2600844057013302
      ],
      [
        3.0375550749782905
      ]
    ],
    [
      [
        -0.6001791441818235
      ],
      [
        0.3503372026010209
      ],
      [
        2.980243034239163
      ]
    ],
    [
      [
        -0.5490842864800868
      ],
      [
        0.2698309314212615
      ],
      [
        3.002322995423401
      ]
    ],
    [
      [
        -0.07462403961968649
      ],
      [
        0.5405108964333021
      ],
      [
        3.057358471194237
      ]
    ],
    [
      [
        -0.27666044688977753
      ],
      [
        -0.0036825681003643364
      ],
      [
        -3.068217118331711
      ]
    ],
    [
      [
        -0.08078859185603099
      ],
      [
        0.3201794569874036
      ],
      [
        3.076658224529578
      ]
    ],
    [
      [
        0.0635366206068362
      ],
      [
        -0.3507481507417958
      ],
      [
        -3.08551282326401
      ]
    ],
    [
      [
        -0.18596544298881734
      ],
      [
        0.03818826958505249
      ],
      [
        -3.114677856897322
      ]
    ],
    [
      [
        -0.04538962953010958
      ],
      [
        -0.2975656589182107
      ],
      [
        3.050410832312273
      ]
    ],
    [
      [
        -0.3324414440421268
      ],
      [
        0.2705541226260133
      ],
      [
        3.058090528040915
      ]
    ],
    [
      [
        0.06367673259492437
      ],
      [
        -0.40780012660005055
      ],
      [
        -3.0847914704879287
      ]
    ],
    [
      [
        -0.13889518035799986
      ],
      [
        0.08345902144293074
      ],
      [
        -3.13593109023468
      ]
    ],
    [
      [
        -0.08130400020616614
      ],
      [
        0.302330915581761
      ],
      [
        3.0767453932021183
      ]
    ],
    [
      [
        0.0639485385962444
      ],
      [
        -0.5278141702560091
      ],
      [
        -3.088205660150522
      ]
    ],
    [
      [
        -0.022986041432351622
      ],
      [
        -0.27631738690682306
      ],
      [
        3.0590173649827017
      ]
    ],
    [
      [
        -0.06713451222122961
      ],
      [
        0.6534612205911919
      ],
      [
        3.0441561986281043
      ]
    ],
    [
      [
        0.06399291177633648
      ],
      [
        -0.542495464993412
      ],
      [
        -3.089370708640486
      ]
    ],
    [
      [
        -0.5694391843086978
      ],
      [
        -0.4565338794607726
      ],
      [
        -2.844665205029412
      ]
    ],
    [
      [
        -0.6060574447197973
      ],
      [
        -0.5937965851868703
      ],
      [
        -2.785320390055403
      ]
    ],
    [
      [
        0.019666599522026637
      ],
      [
        -0.22681233805615444
      ],
      [
        3.0821955906401857
      ]
    ]
  ],