{
	"class_name" : "PinholeCameraParameters",
	"extrinsic" : 
	[
		0.054121521734385274,
		0.89299974674168325,
		-0.44679112928128295,
		0.0,
		0.44503768165540075,
		-0.42212071879079222,
		-0.78978197034012565,
		0.0,
		-0.89387489213644478,
		-0.15609468628635187,
		-0.42026435266534884,
		0.0,
		260.69758465373985,
		-27.764102709768096,
		909.71447545201499,
		1.0
	],
	"intrinsic" : 
	{
		"height" : 1080,
		"intrinsic_matrix" : 
		[
			935.30743608719376,
			0.0,
			0.0,
			0.0,
			935.30743608719376,
			0.0,
			959.5,
			539.5,
			1.0
		],
		"width" : 1920
	},
	"version_major" : 1,
	"version_minor" : 0
}