{
	"class_name" : "PinholeCameraParameters",
	"extrinsic" : 
	[
		0.96007306791634284,
		-0.088780291368362685,
		0.26528807761799278,
		0.0,
		-0.056074076900321908,
		-0.99013294129494622,
		-0.12842295924948724,
		0.0,
		0.27407189232294205,
		0.10841964041246077,
		-0.95557824347949372,
		0.0,
		-1.0850886826998907,
		-0.55744018717132304,
		3.0462853780430308,
		1.0
	],
	"intrinsic" : 
	{
		"height" : 720,
		"intrinsic_matrix" : 
		[
			623.53829072479584,
			0.0,
			0.0,
			0.0,
			623.53829072479584,
			0.0,
			639.5,
			359.5,
			1.0
		],
		"width" : 1280
	},
	"version_major" : 1,
	"version_minor" : 0
}