{
	"class_name" : "PinholeCameraParameters",
	"extrinsic" : 
	[
		0.999347904159955,
		-0.0026942213613399399,
		0.036007049620341437,
		0.0,
		-0.002687525218127249,
		-0.99999636113354073,
		-0.00023436697548623496,
		0.0,
		0.036007550032008021,
		0.00013744429187144961,
		-0.99935150845423715,
		0.0,
		-0.99900902191262175,
		0.623397696027851,
		3.451269673687174,
		1.0
	],
	"intrinsic" : 
	{
		"height" : 720,
		"intrinsic_matrix" : 
		[
			623.53829072479584,
			0.0,
			0.0,
			0.0,
			623.53829072479584,
			0.0,
			639.5,
			359.5,
			1.0
		],
		"width" : 1280
	},
	"version_major" : 1,
	"version_minor" : 0
}